{
	"class_name" : "PinholeCameraParameters",
	"extrinsic" : 
	[
		-0.7838611726609328,
		0.21762729329407907,
		0.58154967389563572,
		0.0,
		-0.46743680656915343,
		0.40968801694674745,
		-0.78336361967778001,
		0.0,
		-0.40873523686985813,
		-0.88588604796764614,
		-0.21941152238933667,
		0.0,
		-0.0014899973524958865,
		0.10662035828082994,
		1.72393075326011,
		1.0
	],
	"intrinsic" : 
	{
		"height" : 768,
		"intrinsic_matrix" : 
		[
			665.1075101064489,
			0.0,
			0.0,
			0.0,
			665.1075101064489,
			0.0,
			511.5,
			383.5,
			1.0
		],
		"width" : 1024
	},
	"version_major" : 1,
	"version_minor" : 0
}