{
	"class_name" : "PinholeCameraParameters",
	"extrinsic" : 
	[
		0.067825950718052558,
		0.2759471008837216,
		-0.95877674039531313,
		0.0,
		0.020978771821338723,
		0.96038280556551536,
		0.27789342904606062,
		0.0,
		0.99747658195170708,
		-0.038962344487708925,
		0.059349845576552145,
		0.0,
		-0.075956131972006874,
		0.09787747150777705,
		0.8252648100126766,
		1.0
	],
	"intrinsic" : 
	{
		"height" : 768,
		"intrinsic_matrix" : 
		[
			665.1075101064489,
			0.0,
			0.0,
			0.0,
			665.1075101064489,
			0.0,
			511.5,
			383.5,
			1.0
		],
		"width" : 1024
	},
	"version_major" : 1,
	"version_minor" : 0
}